{
    "intercept_cx": 42658.227312027084,
    "intercept_cy": -32053.828491525295,
    "A": [
        [
            -15.55042450030898,
            -0.00818390092304394
        ],
        [
            -0.08611025776096785,
            1.987130361969426
        ]
    ]
}