{
    "intercept_cx": 204587.6612314089,
    "intercept_cy": -76480.96935395907,
    "A": [
      [-21.38796616,  0.09157493],
      [  0.88823933,  2.64092404]
    ]
  }