{
    "intercept_cx": 159469.59585418965,
    "intercept_cy": -54621.674842430235,
    "A": [
      [-16.29010671,  -0.05533071],
      [  0.26561809,  2.0343442]
    ]
  }