{
    "intercept_cx": 45234.460664347374,
    "intercept_cy": -45515.84695113395,
    "A": [
        [
            -3.793190667546918,
            -0.007322304484638112
        ],
        [
            -0.03354260025837299,
            0.4766810757075294
        ]
    ]
}